{"cameraMode":{"drawMode":0,"name":"Shaded","section":"Shading Mode"},"sceneLighting":true,"audioPlay":false,"sceneViewState":{"m_AlwaysRefresh":false,"showFog":true,"showSkybox":true,"showFlares":true,"showImageEffects":true,"showParticleSystems":true,"showVisualEffectGraphs":true,"m_FxEnabled":true},"in2DMode":false,"pivot":{"x":0.0000015497207641601563,"y":1.3108546733856202,"z":-0.06751120090484619},"rotation":{"x":0.2696644365787506,"y":-0.06119869276881218,"z":0.017173543572425844,"w":0.9608602523803711},"size":2.1394667625427248,"orthographic":false}