{"cameraMode":{"drawMode":0,"name":"Shaded","section":"Shading Mode"},"sceneLighting":true,"audioPlay":false,"sceneViewState":{"m_AlwaysRefresh":false,"showFog":true,"showSkybox":true,"showFlares":true,"showImageEffects":true,"showParticleSystems":true,"showVisualEffectGraphs":true,"m_FxEnabled":true},"in2DMode":false,"pivot":{"x":28.097305297851564,"y":31.435073852539064,"z":-14.503791809082032},"rotation":{"x":0.00455280439928174,"y":0.7954602241516113,"z":-0.005972864106297493,"w":0.6059704422950745},"size":69.15265655517578,"orthographic":false}