{"cameraMode":{"drawMode":0,"name":"Shaded","section":"Shading Mode"},"sceneLighting":true,"audioPlay":false,"sceneViewState":{"m_AlwaysRefresh":false,"showFog":true,"showSkybox":true,"showFlares":true,"showImageEffects":true,"showParticleSystems":true,"showVisualEffectGraphs":true,"m_FxEnabled":true},"in2DMode":false,"pivot":{"x":-26.989999771118165,"y":9.800000190734864,"z":-49.599998474121097},"rotation":{"x":0.15228839218616486,"y":0.19605930149555207,"z":-0.03083774819970131,"w":0.9682112336158752},"size":1.2247449159622193,"orthographic":false}